frs_registry_id,name,npdes_id,npdes_ids_secondary,ownership,facility_type,permit_type,design_flow_mgd,design_flow_missing,receiving_water,huc8,huc8_name,huc12,county,latitude,longitude,compliance_status,informal_enf_count,formal_enf_count,in_lima_subbasin,ottawa_discharge,queried_huc8
110009911257,AMBOY TWP WWSL,MIG580008,,POTW,POTW,General Permit Covered Facility,,Y,SILVER CREEK,04100003,St. Joseph,041000030106,HILLSDALE COUNTY,41.70917,-84.57285,,1,,,,04100003
110009911284,AMBOY TWP-LK DIANE WWSL,MIG580013,,POTW,POTW,General Permit Covered Facility,,Y,"CLEAR FORK, UNNAMED TRIBUTARY TO CLEAR FORK",04100003,St. Joseph,041000030106,HILLSDALE,41.7172,-84.641,,1,,,,04100003
110069999678,AUBURN WWTP,IN0020672,,POTW,POTW,NPDES Individual Permit,4.5,,"CEDAR CR TO ST JOSEPH RIVER, CEDAR CREEK",04100003,St. Joseph,041000030702,DEKALB,41.348472,-85.060944,,0,,,,04100003
110009975401,"AVILLA WWTP, TOWN OF",IN0020664,,POTW,POTW,NPDES Individual Permit,0.6,,"CEDAR CR (LITTLE) VIA UNNAMED DITCH, CEDAR CR (LITTLE) VIA UNNAMED DITCH FROM KING LAKE",04100003,St. Joseph,041000030705,NOBLE,41.358083,-85.23375,,1,,,,04100003
110003127642,BUTLER WWTP,IN0022462,,POTW,POTW,NPDES Individual Permit,2.0,,"BIG RUN CR TO ST JOSEPH RIVER, BIG RUN CREEK",04100003,St. Joseph,041000030502,DE KALB,41.433222,-84.858889,Effluent - Non-monthly Average Limit,4,2,,,04100003
110009911275,CAMDEN WWSL,MIG580011,,POTW,POTW,General Permit Covered Facility,,Y,"WEST BRANCH OF ST. JOSEPH RIVER, WEST BRANCH SAINT JOSEPH RIVER",04100003,St. Joseph,041000030203,HILLSDALE,41.7576,-84.755,,2,,,,04100003
110055998933,CORUNNA WWTP,IN0047473,,POTW,POTW,NPDES Individual Permit,0.024,,CEDAR CR VIA JOHN DIEHL DITCH,04100003,St. Joseph,,DE KALB,41.434778,-85.156,,0,,,,04100003
110013794448,EDGERTON WWTP,OH0021164,,POTW,POTW,NPDES Individual Permit,0.3,,ST. JOSEPH RIVER,04100003,St. Joseph,041000030503,WILLIAMS,41.44846,-84.74808,,0,,,,04100003
110009975107,GARRETT WWTP,IN0022969,,POTW,POTW,NPDES Individual Permit,1.2,,"ERIE VIA CEDAR CR VIA GARRETT CITY DITCH, GARRETT CITY DITCH FROM GARRETT WWTP, LAKE ERIE VIA CEDAR CR VIA GARRETT CITY DITCH",04100003,St. Joseph,041000030707,DE KALB,41.341361,-85.129583,Effluent - Non-monthly Average Limit,7,,,,04100003
110006764992,HAMILTON LAKE CONSERVANCY DISTRICT,IN0050822,,POTW,POTW,NPDES Individual Permit,0.45,,FISH CREEK TO ST. JOSEPH RIVER,04100003,St. Joseph,041000030404,STEUBEN,41.53325,-84.896611,,2,,,,04100003
110009739890,LA OTTO REGIONAL SEWER DISTRICT,IN0058611,,POTW,POTW,NPDES Individual Permit,0.05,,CEDAR CR VIA BLACK CREEK,04100003,St. Joseph,041000030704,NOBLE,41.284,-85.210194,,0,,,,04100003
110040039080,MONTPELIER WWTP,OH0021831,,POTW,POTW,NPDES Individual Permit,1.0,,,04100003,St. Joseph,041000030304,WILLIAMS,41.58333,-84.6242,,0,,,,04100003
110006260410,NETTLE LAKE AREA STP,OH0053376,,POTW,POTW,NPDES Individual Permit,0.105,,,04100003,St. Joseph,041000030301,WILLIAMS,41.673464,-84.55407,,2,,,,04100003
110006260223,PIONEER WASTEWATER TREATMENT PLANT,OH0022535,,POTW,POTW,NPDES Individual Permit,0.5,,,04100003,St. Joseph,041000030106,WILLIAMS,41.67839,-84.55351,,0,,,,04100003
110006742855,PITTSFORD SSDS WWSL,MIG580006,,POTW,POTW,General Permit Covered Facility,,Y,UNNAMED TRIBUTARY TO THE EAST BRANCH ST. JOSEPH RI,04100003,St. Joseph,041000030102,HILLSDALE,41.862376,-84.480651,Compliance/Permit Schedule - Reporting,0,,,,04100003
110006742864,READING WWSL,MIG580009,,POTW,POTW,General Permit Covered Facility,,Y,UNNAMED TRIBUTARY TO PROUTY DRAIN,04100003,St. Joseph,041000030203,HILLSDALE,41.82513,-84.741986,,2,,,,04100003
110039931287,ST JOE - SPENCERVILLE RSD,IN0058441,,POTW,POTW,NPDES Individual Permit,0.17,,"ST JOSEPH R, ST JOSEPH RIVER",04100003,St. Joseph,041000030802,DE KALB,41.304694,-84.903694,Effluent - Monthly Average Limit,3,,,,04100003
110006260517,VILLAGE OF EDON,OH0095141,,POTW,POTW,NPDES Individual Permit,0.2,,,04100003,St. Joseph,041000030305,WILLIAMS,41.55635,-84.76825,Compliance/Permit Schedule - Violations,2,,,,04100003
110009975429,WATERLOO WASTEWATER IMPROVEMENTS PROJECT DIV. I,INRA13463,IN0020711 IN0109983,POTW,POTW,General Permit Covered Facility,0.369,,,04100003,St. Joseph,,DE KALB,41.430361,-85.010389,,0,,,,04100003
110024230018,BERNE WWTP,IN0021369,,POTW,POTW,NPDES Individual Permit,1.08,,"ST MARYS R VIA BLUE CR VIA HABEGGER, WABASH RIVER",04100004,St. Marys,051201010601,ADAMS,40.667972,-84.946917,,3,,,,04100004
110017695582,CHICKASAW SANITARY SEWER SYSTEM,OH0132691,,POTW,POTW,NPDES Individual Permit,0.237,,,04100004,St. Marys,051201010201,MERCER,40.42039,-84.49079,,0,,,,04100004
110006645513,DECATUR WWTP,IN0039314,,POTW,POTW,NPDES Individual Permit,3.25,,ST MARYS RIVER,04100004,St. Marys,041000040408,ADAMS,40.848056,-84.929639,,0,,,,04100004
110006660862,FOREST LANE SUBDIV,OH0095265,,POTW,POTW,NPDES Individual Permit,0.01,,"WIERTH DITCH, WIRTH DITCH",04100004,St. Marys,041000040104,AUGLAIZE,40.45893,-84.37309,,0,,,,04100004
110008613651,MENDON WASTE WATER PLANT,OH0053601,,POTW,POTW,NPDES Individual Permit,0.1,,,04100004,St. Marys,041000040303,MERCER,40.676,-84.5214,,0,,,,04100004
110009823263,NEW BREMEN WWTP,OH0020346,,POTW,POTW,NPDES Individual Permit,0.9,,WIERTH DITCH,04100004,St. Marys,041000040104,AUGLAIZE,40.43808,-84.37888,,0,,,,04100004
110063916311,ODOT REST AREA 7-33,OH0078662,,POTW,POTW,NPDES Individual Permit,0.01,,,04100004,St. Marys,041000040103,AUGLAIZE,40.56058,-84.42056,,0,,,,04100004
110010126755,OHIO CITY WWTP,OH0023396,,POTW,POTW,NPDES Individual Permit,0.25,,LONG PRAIRIE CREEK,04100004,St. Marys,041000070602,VAN WERT,40.7845,-84.7026,Compliance/Permit Schedule - Violations,1,,,,04100004
110006803227,PLEASANTVIEW ESTATES SUBDIV,OH0079154,,POTW,POTW,NPDES Individual Permit,0.02,,EAST BRANCH ST MARYS RIVER,04100004,St. Marys,041000040103,AUGLAIZE,40.545287,-84.350066,,0,,,,04100004
110009823147,ROCKFORD STP,OH0022446,,POTW,POTW,NPDES Individual Permit,0.45,,SAINT MARYS RIVER,04100004,St. Marys,041000040303,MERCER,40.697696,-84.644072,,0,,,,04100004
110006351214,SHARLON SUBDIVISION,OH0079162,,POTW,POTW,NPDES Individual Permit,0.0075,,,04100004,St. Marys,041000040103,AUGLAIZE,40.5217,-84.33257,,0,,,,04100004
110000760597,ST MARYS WWTP,OH0021415,,POTW,POTW,NPDES Individual Permit,3.0,,,04100004,St. Marys,041000040106,AUGLAIZE,40.5424,-84.3861,,0,,,,04100004
110039702168,VILLAGE OF NEW KNOXVILLE WWTP,OH0053635,,POTW,POTW,NPDES Individual Permit,0.35,,,04100004,St. Marys,041000040102,AUGLAIZE,40.4875,-84.3122,,0,,,,04100004
110009822736,VILLAGE OF WILLSHIRE WWTP,OH0031003,,POTW,POTW,NPDES Individual Permit,0.0665,,,04100004,St. Marys,041000040305,VAN WERT,40.74713,-84.79289,Effluent - Monthly Average Limit,3,,,,04100004
110006284387,CECIL WWTP,OH0029238,,POTW,POTW,NPDES Individual Permit,0.025,,,04100005,Upper Maumee,041000050205,PAULDING,41.22661,-84.60211,,2,,,,04100005
110009390756,FORT WAYNE WWTP,IN0032191,,POTW,POTW,NPDES Individual Permit,74.0,,"BALDWIN DITCH, MAUMEE R TO ST MARYS RIVER, MAUMEE RIVER",04100005,Upper Maumee,041000050102,ALLEN,41.079611,-85.104389,Effluent - Monthly Average Limit,1,,,,04100005
110006329026,HICKSVILLE WWTP,OH0025771,,POTW,POTW,NPDES Individual Permit,4.0,,,04100005,Upper Maumee,041000050204,DEFIANCE,41.28825,-84.7604,,0,,,,04100005
110039701891,MIDDLE GORDON CREEK SUBDIVISION WWTP,OH0053465,,POTW,POTW,NPDES Individual Permit,0.015,,,04100005,Upper Maumee,041000050204,DEFIANCE,41.3103,-84.748,,0,,,,04100005
110014335816,NEW HAVEN COLLECTION SYSTEM,INM020346,,POTW,POTW,NPDES Individual Permit,0.0,,"MARTIN DITCH, MAUMEE R VIA MARTIN DRAIN & TRIER D",04100005,Upper Maumee,041000050102,ALLEN,41.06984,-85.0409,,2,,,,04100005
110009152709,VILLAGE OF ANTWERP WWTP,OH0022195,,POTW,POTW,NPDES Individual Permit,0.33,,,04100005,Upper Maumee,041000050201,PAULDING,41.1725,-84.724,,0,,,,04100005
110009823254,VILLAGE OF SHERWOOD,OH0020281,,POTW,POTW,NPDES Individual Permit,0.16,,,04100005,Upper Maumee,041000050207,DEFIANCE,41.2816,-84.5405,,0,,,,04100005
110006766776,"WOODBURN WWTP, CITY OF",IN0021407,,POTW,POTW,NPDES Individual Permit,0.4,,"MARSH DITCH, MAUMEE R TO ST MARYS RIVER, MAUMEE R VIA EDGERTON CARSON D",04100005,Upper Maumee,041000050106,ALLEN,41.131778,-84.842278,,2,,,,04100005
110000573175,BRYAN WWTP,OH0020532,,POTW,POTW,NPDES Individual Permit,3.1,,PRAIRIE CREEK,04100006,Tiffin,041000060403,WILLIAMS,41.46348,-84.52661,,0,,,,04100006
110006660755,EVANSPORT WWTP,OH0053694,,POTW,POTW,NPDES Individual Permit,0.05,,,04100006,Tiffin,041000060503,DEFIANCE,41.4273,-84.40421,,0,,,,04100006
110006699518,EVERGREEN LANE OFFICE COMPLEX,OH0053490,,POTW,POTW,NPDES Individual Permit,0.015,,,04100006,Tiffin,041000060604,DEFIANCE,41.34292,-84.41867,,0,,,,04100006
110006699849,HARRISON LAKE STATE PARK WWTP,OH0036170,,POTW,POTW,NPDES Individual Permit,0.04,,MILL CREEK,04100006,Tiffin,041000060204,FULTON,41.640977,-84.374667,,0,,,,04100006
110009009802,HICKORY HILLS WWTP,OH0079073,,POTW,POTW,NPDES Individual Permit,0.0055,,,04100006,Tiffin,041000060502,WILLIAMS,41.477994,-84.4591,Compliance/Permit Schedule - Violations,0,1,,,04100006
110006740786,HUDSON WWTP,MI0021377,,POTW,POTW,NPDES Individual Permit,,Y,BEAN CREEK,04100006,Tiffin,041000060106,LENAWEE,41.85338,-84.34835,,3,,,,04100006
110006237759,KUNKLE MAINTENANCE BLDG,OH0126438,,POTW,POTW,NPDES Individual Permit,0.0015,,"BEAVER CREEK, UNAMED TRIB TO BEAVER CREEK",04100006,Tiffin,041000060501,WILLIAMS,41.6073,-84.49828,,0,,,,04100006
110006224255,LAKELAND WOODS SD,OH0079103,,POTW,POTW,NPDES Individual Permit,0.03,,,04100006,Tiffin,041000060501,WILLIAMS,41.47747,-84.48785,,0,,,,04100006
110009911293,LENAWEE CDC-POSEY LK WWSL,MIG580014,,POTW,POTW,General Permit Covered Facility,,Y,POSEY LAKE DRAIN,04100006,Tiffin,041000060106,LENAWEE,41.884785,-84.30643,,2,,,,04100006
110009822040,NORLICK PLACE WWTP,OH0058831,,POTW,POTW,NPDES Individual Permit,0.048,,,04100006,Tiffin,041000060401,WILLIAMS,41.4866,-84.57425,,0,,,,04100006
110006803263,PETTISVILLE WWTP,OH0052698,,POTW,POTW,NPDES Individual Permit,0.116,,TRIB TO BRUSH CREEK,04100006,Tiffin,041000060502,FULTON,41.53324,-84.22933,,0,,,,04100006
110006649902,ROLLIN-WOODSTOCK WWTP,MI0027669,,POTW,POTW,NPDES Individual Permit,,Y,BEAN CREEK,04100006,Tiffin,041000060103,LENAWEE,41.974179,-84.344112,Compliance/Permit Schedule - Reporting,1,,,,04100006
110006260143,STRYKER STP,OH0022497,,POTW,POTW,NPDES Individual Permit,0.35,,,04100006,Tiffin,041000060503,WILLIAMS,41.493946,-84.439306,,0,,,,04100006
110011017746,SWANTON WRRF,OH0020524,,POTW,POTW,NPDES Individual Permit,0.92,,,04100006,Tiffin,041000090701,FULTON,41.519,-84.3049,Effluent - Monthly Average Limit,3,,,,04100006
110002463815,VILLAGE OF ARCHBOLD WASTEWATER TREATMENT PLANT,OH0020796,,POTW,POTW,NPDES Individual Permit,2.5,,,04100006,Tiffin,041000060502,FULTON,41.50759,-84.318674,,1,,,,04100006
110009823003,VILLAGE OF FAYETTE WWTP,OH0025127,,POTW,POTW,NPDES Individual Permit,0.27,,,04100006,Tiffin,041000060202,FULTON,41.6826,-84.1931,,0,,,,04100006
110009911248,WALDRON WWSL,MIG580007,,POTW,POTW,General Permit Covered Facility,,Y,CADY DRAIN,04100006,Tiffin,041000060204,HILLSDALE,41.7381,-84.4428,,1,,,,04100006
110006700347,WEST UNITY STP,OH0020303,,POTW,POTW,NPDES Individual Permit,0.325,,,04100006,Tiffin,041000060303,WILLIAMS,41.57906,-84.43152,,0,,,,04100006
110006260036,WILLIAMS CO/HILLSIDE COUNTRY LIVING WWTP,OH0079090,,POTW,POTW,NPDES Individual Permit,0.042,,,04100006,Tiffin,041000060501,WILLIAMS,41.55288,-84.51695,,0,,,,04100006
110006112214,ADA WWTP,OH0020583,,POTW,POTW,NPDES Individual Permit,2.0,,GRASS RUN,04100007,Auglaize,041000070302,HARDIN,40.769349,-83.811034,,0,,Y,,04100007
110009679650,AMERICAN II WASTEWATER TREATMENT PLANT,OH0037338,,POTW,POTW,NPDES Individual Permit,1.2,,,04100007,Auglaize,041000070402,ALLEN,40.78016,-84.17824,,0,,Y,,04100007
110040029929,AMERICAN-BATH WWTP,OH0023841,,POTW,POTW,NPDES Individual Permit,1.5,,PIKE RUN,04100007,Auglaize,041000070404,ALLEN,40.78226,-84.12803,,0,,Y,,04100007
110006357548,ARROWHEAD ESTATES SUBDIVISION,OH0079138,,POTW,POTW,NPDES Individual Permit,0.012,,,04100007,Auglaize,041000070102,AUGLAIZE,40.5999,-84.1112,,0,,Y,,04100007
110009823165,BEAVERDAM WWTP,OH0021318,,POTW,POTW,NPDES Individual Permit,0.225,,,04100007,Auglaize,041000080403,ALLEN,40.8294,-83.9731,,0,,Y,,04100007
110006351278,BEVERLY HILLS SUBDIV,OH0078760,,POTW,POTW,NPDES Individual Permit,0.02,,AUGLAIZE RIVER,04100007,Auglaize,041000070202,AUGLAIZE,40.58107,-84.22721,,0,,Y,,04100007
110002464173,CITY OF WAPAKONETA WRF,OH0027952,,POTW,POTW,NPDES Individual Permit,6.0,,,04100007,Auglaize,041000070105,AUGLAIZE,40.56959,-84.21068,,0,,Y,,04100007
110006190344,COLONIAL GOLFERS CLUB INC,OH0132837,,POTW,POTW,NPDES Individual Permit,,Y,UNNAMED TRIBUTARY TO LITTLE HOG CREEK,04100007,Auglaize,041000070303,ALLEN,40.73238,-83.89736,,0,,Y,,04100007
110009823209,CONTINENTAL WWTP,OH0021768,,POTW,POTW,NPDES Individual Permit,0.2,,,04100007,Auglaize,041000071102,PUTNAM,41.1083,-84.2723,,0,,Y,,04100007
110006234752,COUNTRY CLUB HILLS PROPERTY OWNERS ASSOC WWTP,OH0125423,,POTW,POTW,NPDES Individual Permit,,Y,SHEIPLINE DITCH #51,04100007,Auglaize,041000070201,AUGLAIZE,40.625319,-84.20325,,0,,Y,,04100007
110006351063,CRIDERSVILLE WWTP,OH0020222,,POTW,POTW,NPDES Individual Permit,2.4,,"UNNAMED TRIB, UT TO LITTLE OTTAWA RIVER",04100007,Auglaize,041000070401,ALLEN,40.651,-84.1388,,0,,Y,Y,04100007
110039778005,DELPHOS WWTP,OH0024929,,POTW,POTW,NPDES Individual Permit,3.83,,,04100007,Auglaize,041000070903,ALLEN,40.85513,-84.34265,,2,,Y,,04100007
110006354015,ELIDA WWTP,OH0024996,,POTW,POTW,NPDES Individual Permit,0.8,,,04100007,Auglaize,041000070402,ALLEN,40.79753,-84.20382,,0,,Y,,04100007
110009822255,FORT JENNINGS WWTP,OH0053198,,POTW,POTW,NPDES Individual Permit,0.055,,,04100007,Auglaize,041000070904,PUTNAM,40.914399,-84.276885,,0,,Y,,04100007
110064274182,HARROD WWTP,OH0053678,,POTW,POTW,NPDES Individual Permit,0.09,,"UNNAMED TRIB TO MANAHAN DITCH, UT MANAHAN DITCH",04100007,Auglaize,041000070101,ALLEN,40.70989,-83.92239,,0,,Y,,04100007
110008607016,KALIDA STP,OH0046752,,POTW,POTW,NPDES Individual Permit,0.4,,,04100007,Auglaize,041000070503,PUTNAM,40.981244,-84.201707,,0,,Y,,04100007
110008645047,LAFAYETTE WWTP,OH0053155,,POTW,POTW,NPDES Individual Permit,0.1,,,04100007,Auglaize,041000070303,ALLEN,40.76238,-83.94764,,0,,Y,,04100007
110009153129,LATTY WWTP,OH0058246,,POTW,POTW,NPDES Individual Permit,0.024,,,04100007,Auglaize,041000071004,PAULDING,41.087631,-84.5816,,1,,Y,,04100007
110000760659,LIMA WWTP,OH0026069,,POTW,POTW,NPDES Individual Permit,18.5,,,04100007,Auglaize,041000070404,ALLEN,40.72298,-84.12747,,0,1,Y,,04100007
110006263809,MIDDLE POINT WWTP,OH0021423,,POTW,POTW,NPDES Individual Permit,0.08,,,04100007,Auglaize,041000070604,VAN WERT,40.857916,-84.43642,,0,,Y,,04100007
110009820774,MILLER CITY HIGH SCH WWTP,OH0126535,,POTW,POTW,NPDES Individual Permit,,Y,"BLANCHARD RIVER, TRIB TO MILLER CITY CUTOFF DITCH",04100007,Auglaize,041000080603,PUTNAM,41.10295,-84.13272,,0,,Y,,04100007
110006766605,MONROEVILLE WWTP,IN0021423,,POTW,POTW,NPDES Individual Permit,0.23,,"AUGLAISE VIA FLATROCK CR VIA A-S-B DITCH, AUGLAISE VIA FLATROCK CR VIA LEPPER",04100007,Auglaize,,ALLEN,40.97,-84.854167,,2,,Y,,04100007
110040040504,OAKWOOD WWTP,OH0021334,,POTW,POTW,NPDES Individual Permit,,Y,"AUGLAIZE RIVER, AUGLAZE RIVER",04100007,Auglaize,041000070907,PAULDING,41.0854,-84.37749,,0,,Y,,04100007
110063916302,ODOT REST AREA 7-26,OH0078654,,POTW,POTW,NPDES Individual Permit,0.028,,,04100007,Auglaize,041000070105,AUGLAIZE,40.60119,-84.15511,,0,,Y,,04100007
110006660513,OTTOVILLE WWTP,OH0021709,,POTW,POTW,NPDES Individual Permit,0.339,,LITTLE AUGLAIZE RIVER,04100007,Auglaize,041000070604,PUTNAM,40.937673,-84.336927,Effluent - Monthly Average Limit,0,,Y,,04100007
110010126791,PAULDING WWTP,OH0020338,,POTW,POTW,NPDES Individual Permit,0.71,,,04100007,Auglaize,041000071206,PAULDING,41.15783,-84.5492,Compliance/Permit Schedule - Violations,0,,Y,,04100007
110009823174,PAYNE WWTP,OH0021326,,POTW,POTW,NPDES Individual Permit,0.27,,FLAT ROCK CREEK,04100007,Auglaize,041000071205,PAULDING,41.082671,-84.7001,Effluent - Monthly Average Limit,1,,Y,,04100007
110001162802,SHAWNEE NO 2 WWTP,OH0023850,,POTW,POTW,NPDES Individual Permit,2.0,,,04100007,Auglaize,041000070402,ALLEN,40.72264,-84.17776,,0,,Y,,04100007
110006353276,SPENCERVILLE WWTP,OH0020087,,POTW,POTW,NPDES Individual Permit,0.45,,"SIX MILE CREEK, UNNAMED TRIB TO SIX MILE CREEK",04100007,Auglaize,041000070204,ALLEN,40.72115,-84.3455,,0,,Y,,04100007
110006699509,UNIOPOLIS WWTP,OH0053317,,POTW,POTW,NPDES Individual Permit,0.04,,,04100007,Auglaize,041000070102,AUGLAIZE,40.60493,-84.08772,,0,,Y,,04100007
110006645176,VAN WERT WWTP,OH0027910,,POTW,POTW,NPDES Individual Permit,4.0,,,04100007,Auglaize,041000070804,VAN WERT,40.88822,-84.58449,,0,,Y,,04100007
110039721174,VILLAGE OF COLUMBUS GROVE WWTP,OH0024759,,POTW,POTW,NPDES Individual Permit,0.82,,,04100007,Auglaize,041000070502,PUTNAM,40.91912,-84.05659,Effluent - Monthly Average Limit,1,1,Y,,04100007
110006263952,VILLAGE OF CONVOY WWTP,OH0023493,,POTW,POTW,NPDES Individual Permit,0.2,,,04100007,Auglaize,041000070701,VAN WERT,40.92049,-84.69875,,0,,Y,,04100007
110008609684,VILLAGE OF GROVER HILL WWTP,OH0102245,,POTW,POTW,NPDES Individual Permit,0.06,,,04100007,Auglaize,041000070801,PAULDING,41.02114,-84.47404,Effluent - Monthly Average Limit,0,,Y,,04100007
110006214266,WAYNE TRACE HIGH SCHOOL,OH0130630,,POTW,POTW,NPDES Individual Permit,,Y,,04100007,Auglaize,041000071004,PAULDING,41.046959,-84.572873,,0,,Y,,04100007
110008645261,BLUFFTON WWTP,OH0020851,,POTW,POTW,NPDES Individual Permit,1.9,,,04100008,Blanchard,041000080405,ALLEN,40.90071,-83.89027,,2,,Y,,04100008
110064593177,CITY OF FINDLAY WATER POLLUTION CONTROL CENTER,OH0025135,,POTW,POTW,NPDES Individual Permit,15.0,,,04100008,Blanchard,041000080304,HANCOCK,41.04809,-83.66843,,0,,Y,,04100008
110006215906,COUNTRY ACRES GOLF CLUB,OH0079057,,POTW,POTW,NPDES Individual Permit,0.03,,,04100008,Blanchard,041000080605,PUTNAM,41.03263,-84.19786,,1,,Y,,04100008
110011016818,DUNKIRK WWTP,OH0048321,,POTW,POTW,NPDES Individual Permit,0.137,,,04100008,Blanchard,041000080103,HARDIN,40.78945,-83.64345,,1,,Y,,04100008
110006202732,FOREST WWTP,OH0025151,,POTW,POTW,NPDES Individual Permit,0.2,,UT TO BLANCHARD RIVER,04100008,Blanchard,041000080105,HARDIN,40.80177,-83.51438,Effluent - Monthly Average Limit,3,,Y,,04100008
110006311507,HARDIN-NORTHERN SCHOOLS,OH0132951,,POTW,POTW,NPDES Individual Permit,,Y,UNNAMED TRIBUTARY TO THE BLANCHARD RIVER,04100008,Blanchard,041000080103,HARDIN,40.77949,-83.66094,,0,,Y,,04100008
110008645403,MAST ESTATES WWTP,OH0037389,,POTW,POTW,NPDES Individual Permit,0.009,,LITTLE RILEY CREEK,04100008,Blanchard,041000080403,ALLEN,40.86588,-83.93522,,0,,Y,,04100008
110011015775,MT BLANCHARD WWTP,OH0095079,,POTW,POTW,NPDES Individual Permit,,Y,,04100008,Blanchard,041000080105,HANCOCK,40.899087,-83.56128,,0,,Y,,04100008
110063916295,ODOT DIST 1 PARK NO 1-26 & 25,OH0078590,,POTW,POTW,NPDES Individual Permit,0.02,,,04100008,Blanchard,041000080501,ALLEN COUNTY,40.9862,-83.71086,,0,,Y,,04100008
110000760668,OTTAWA WASTEWATER TREATMENT PLANT,OH0026921,,POTW,POTW,NPDES Individual Permit,3.0,,,04100008,Blanchard,041000080602,PUTNAM,41.03235,-84.05249,Effluent - Monthly Average Limit,1,,Y,,04100008
110006699616,RAWSON WWTP,OH0047791,,POTW,POTW,NPDES Individual Permit,0.2,,,04100008,Blanchard,041000080502,HANCOCK,40.96449,-83.80187,,0,,Y,,04100008
110008626772,VANLUE STP,OH0020397,,POTW,POTW,NPDES Individual Permit,0.1,,BRIGHTS DITCH,04100008,Blanchard,041000080201,HANCOCK,40.983843,-83.492528,,0,,Y,,04100008
110009822834,VILLAGE OF ARLINGTON WWTP,OH0053171,OH0030007,POTW,POTW,NPDES Individual Permit,0.168,,,04100008,Blanchard,041000080302,HANCOCK,40.90659,-83.65202,Effluent - Monthly Average Limit,3,,Y,,04100008
110006216068,VILLAGE OF PANDORA,OH0021148,,POTW,POTW,NPDES Individual Permit,0.143,,,04100008,Blanchard,041000080405,PUTNAM,40.969023,-83.976585,,0,,Y,,04100008
110008609595,BRENTWOOD MHP,OH0130061,,POTW,POTW,NPDES Individual Permit,,Y,,04100009,Lower Maumee,041000050205,LUCAS,41.60868,-83.7562,,1,,,,04100009
110000544082,DEFIANCE WWTP,OH0024899,,POTW,POTW,NPDES Individual Permit,12.0,,MAUMEE RIVER,04100009,Lower Maumee,041000090203,DEFIANCE,41.28801,-84.31848,,1,1,,,04100009
110009823156,DESHLER WWTP,OH0022471,,POTW,POTW,NPDES Individual Permit,0.57,,,04100009,Lower Maumee,041000090505,HENRY,41.21731,-83.86935,,0,,,,04100009
110006224497,GRAND RAPIDS WWTP,OH0021881,,POTW,POTW,NPDES Individual Permit,0.18,,BEAVER CREEK,04100009,Lower Maumee,041000090509,WOOD,41.40756,-83.85441,,0,,,,04100009
110009152754,HAMLER WWTP,OH0021105,,POTW,POTW,NPDES Individual Permit,0.113,,,04100009,Lower Maumee,041000090102,HENRY,41.2436,-84.0239,Compliance/Permit Schedule - Violations,0,1,,,04100009
110009823094,HASKINS WWTP,OH0021873,,POTW,POTW,NPDES Individual Permit,0.3,,,04100009,Lower Maumee,041000090603,WOOD,41.4725,-83.710278,,1,,,,04100009
110039782937,HOLGATE WWTP,OH0021865,,POTW,POTW,NPDES Individual Permit,0.247,,,04100009,Lower Maumee,041000090103,HENRY,41.2494,-84.1301,,0,,,,04100009
110008625390,LHS MAUMEE YOUTH CENTER,OH0052566,,POTW,POTW,NPDES Individual Permit,0.025,,,04100009,Lower Maumee,041000090802,HENRY,41.46554,-83.89486,,0,,,,04100009
110006310848,LIBERTY CENTER WWTP,OH0029289,,POTW,POTW,NPDES Individual Permit,0.25,,,04100009,Lower Maumee,041000090403,HENRY,41.4359,-84.00882,,0,,,,04100009
110000578036,LUCAS CO WRRF,OH0034223,,POTW,POTW,NPDES Individual Permit,22.5,,,04100009,Lower Maumee,041000090903,LUCAS,41.53481,-83.70132,,1,,,,04100009
110011016550,MCCLURE WWTP,OH0053341,OH0057983,POTW,POTW,NPDES Individual Permit,0.1,,,04100009,Lower Maumee,041000090501,HENRY,41.38042,-83.93464,,0,,,,04100009
110040040390,NAPOLEON WASTEWATER TREATMENT PLANT,OH0020893,,POTW,POTW,NPDES Individual Permit,2.5,,,04100009,Lower Maumee,041000090206,HENRY,41.395,-84.11564,,0,,,,04100009
110011016006,NWS WILLIAMSBURG ON THE RIVER WWTP,OH0079201,,POTW,POTW,NPDES Individual Permit,0.05,,,04100009,Lower Maumee,041000090602,WOOD,41.44487,-83.77276,,0,,,,04100009
110000760588,PERRYSBURG WWTP,OH0021008,,POTW,POTW,NPDES Individual Permit,8.0,,,04100009,Lower Maumee,041000090903,WOOD,41.56672,-83.62631,,0,,,,04100009
110022569068,TONTOGANY WWTP,OH0029491,,POTW,POTW,NPDES Individual Permit,0.1,,TONTOGANY CREEK,04100009,Lower Maumee,041000090601,WOOD,41.42783,-83.74216,,2,,,,04100009
110006322247,VILLAGE OF DELTA WASTEWATER TREATMENT PLANT,OH0020974,,POTW,POTW,NPDES Individual Permit,0.725,,,04100009,Lower Maumee,041000090302,FULTON,41.568224,-84.001861,Effluent - Monthly Average Limit,2,1,,,04100009
110006700285,VILLAGE OF LEIPSIC WASTEWATER TREATMENT WORKS,OH0020826,,POTW,POTW,NPDES Individual Permit,1.5,,,04100009,Lower Maumee,050800011606,PUTNAM,41.104305,-83.97687,,0,,,,04100009
110039779335,VILLAGE OF LUCAS WWTP,OH0021041,,POTW,POTW,NPDES Individual Permit,0.096,,,04100009,Lower Maumee,050400020204,RICHLAND,41.643242,-83.538763,,0,,,,04100009
110009823575,WAUSEON WATER RECLAMATION PLANT,OH0023400,,POTW,POTW,NPDES Individual Permit,1.5,,,04100009,Lower Maumee,041000090402,FULTON,41.544341,-84.125254,,0,,,,04100009
110006258717,WESTON WWTP,OH0020681,,POTW,POTW,NPDES Individual Permit,0.28,,,04100009,Lower Maumee,041000090601,WOOD,41.349053,-83.79276,,0,,,,04100009
